{"cameraMode":{"drawMode":0,"name":"Shaded","section":"Shading Mode"},"sceneLighting":true,"audioPlay":false,"sceneViewState":{"m_AlwaysRefresh":false,"showFog":true,"showSkybox":true,"showFlares":true,"showImageEffects":true,"showParticleSystems":true,"showVisualEffectGraphs":true,"m_FxEnabled":true},"in2DMode":false,"pivot":{"x":0.04151032492518425,"y":-2.4052581787109377,"z":-0.1904163360595703},"rotation":{"x":-0.21424376964569093,"y":0.6709489822387695,"z":-0.21219657361507417,"w":-0.677422046661377},"size":9.152005195617676,"orthographic":false}